name,ticker,price,trend_score,volume_score,trading_score,momentum_score,breakout_score,risk_penalty,total_score,grade,volume_ratio,trading_value_ratio
KB금융,105560.KS,173200.0,40,0,10,10,10,0,70,A,1.1,1.18
셀트리온,068270.KS,178200.0,30,10,10,0,0,0,50,B,1.13,1.16
삼성전자,005930.KS,296000.0,10,10,10,0,0,10,20,D,1.15,1.04
기아,000270.KS,153700.0,15,0,0,10,0,10,15,D,0.94,0.95
SK하이닉스,000660.KS,2201000.0,10,0,0,0,0,0,10,D,1.07,0.94
현대차,005380.KS,479500.0,0,0,0,0,0,20,10,D,0.89,0.78
NAVER,035420.KS,197200.0,0,0,0,0,0,10,10,D,0.72,0.64
카카오,035720.KS,35400.0,0,0,0,0,0,10,10,D,0.99,0.95
LG화학,051910.KS,265500.0,0,0,0,0,0,20,10,D,0.9,0.77
삼성SDI,006400.KS,445000.0,0,0,0,0,0,10,10,D,1.03,0.92
